id;filename;content_type;attach_file;attach_file_content_type
1;Savings;Sri;../fake-data/blob/hipster.png;image/png
2;Rustic;of;../fake-data/blob/hipster.png;image/png
3;Squares Team-oriented bypass;maximize primary Pre-emptive;../fake-data/blob/hipster.png;image/png
4;reinvent;invoice;../fake-data/blob/hipster.png;image/png
5;Arab Usability Yuan;Soft Land brand;../fake-data/blob/hipster.png;image/png
6;Car one-to-one;Central;../fake-data/blob/hipster.png;image/png
7;turn-key;customized GB Cotton;../fake-data/blob/hipster.png;image/png
8;benchmark transform Cotton;Granite front-end Games;../fake-data/blob/hipster.png;image/png
9;virtual Orchard;Account Reduced;../fake-data/blob/hipster.png;image/png
10;Hampshire copy;emulation Chips Account;../fake-data/blob/hipster.png;image/png
