id;eid;jhi_uid;full_name;full_name_en;grp_number;nationality;gender_id;birth_date
1;Assistant;Central Iranian Handmade;Computer Gourde;Reduced;6356;86673;9141;2022-06-11
2;bluetooth SCSI Metal;invoice orange Sudanese;Computer Chips;copying;96667;13102;13076;2022-06-12
3;tertiary;Cotton;grow;mindshare Sausages;45364;58631;48950;2022-06-11
4;deposit Cambridgeshire tan;XSS;back-end matrix pink;online Re-engineered;49343;29741;85935;2022-06-12
5;vertical microchip Forward;synthesizing;olive process Analyst;Coordinator transmitting tertiary;92380;20406;52548;2022-06-11
6;Strategist Alaska Salad;mint Movies;Metrics;Pa'anga synthesize;67160;67481;97333;2022-06-11
7;Avon Executive Buckinghamshire;object-oriented sensor Solutions;quantifying Cambridgeshire invoice;Towels instruction deposit;85789;88981;36303;2022-06-11
8;Accounts Avon quantify;Hills generate Arizona;Front-line;XSS bottom-line invoice;89680;84734;15244;2022-06-11
9;copy Kansas Lebanon;back Legacy Pre-emptive;reinvent;Licensed;56880;68705;42699;2022-06-11
10;Division THX Solutions;HTTP Granite;Intranet parse;Usability pixel interface;8505;72150;94448;2022-06-12
